{"cameraMode":{"drawMode":0,"name":"Shaded","section":"Shading Mode"},"sceneLighting":true,"audioPlay":false,"sceneViewState":{"showFog":true,"showMaterialUpdate":true,"showSkybox":false,"showFlares":true,"showImageEffects":true,"showParticleSystems":true},"in2DMode":false,"pivot":{"x":11.486876487731934,"y":-16.645479202270509,"z":23.482986450195314},"rotation":{"x":-0.2828942537307739,"y":0.006333778612315655,"z":-0.001844443497247994,"w":-0.9591526389122009},"size":28.483097076416017,"orthographic":false}