{"cameraMode":{"drawMode":0,"name":"Shaded","section":"Shading Mode"},"sceneLighting":false,"audioPlay":false,"sceneViewState":{"showFog":true,"showMaterialUpdate":true,"showSkybox":false,"showFlares":true,"showImageEffects":true,"showParticleSystems":true},"in2DMode":false,"pivot":{"x":-0.5071487426757813,"y":0.4742860794067383,"z":1.5624362230300904},"rotation":{"x":-0.07948547601699829,"y":0.6627880334854126,"z":-0.07104630023241043,"w":-0.7412106394767761},"size":12.790238380432129,"orthographic":false}