{"cameraMode":{"drawMode":0,"name":"Shaded","section":"Shading Mode"},"sceneLighting":true,"audioPlay":false,"sceneViewState":{"showFog":true,"showMaterialUpdate":true,"showSkybox":false,"showFlares":true,"showImageEffects":true,"showParticleSystems":true},"in2DMode":false,"pivot":{"x":-7.7849650382995609,"y":5.993688106536865,"z":-14.374053001403809},"rotation":{"x":-0.08218210190534592,"y":-0.28242403268814089,"z":0.024325652047991754,"w":-0.9554793834686279},"size":13.849740028381348,"orthographic":false}