{"cameraMode":{"drawMode":0,"name":"Shaded","section":"Shading Mode"},"sceneLighting":false,"audioPlay":false,"sceneViewState":{"showFog":true,"showMaterialUpdate":true,"showSkybox":false,"showFlares":true,"showImageEffects":true,"showParticleSystems":true},"in2DMode":false,"pivot":{"x":-9.920000076293946,"y":0.32199999690055849,"z":7.389999866485596},"rotation":{"x":-0.18816134333610536,"y":-0.29057496786117556,"z":0.0583905465900898,"w":-0.9363547563552856},"size":1.262164831161499,"orthographic":false}