{"cameraMode":{"drawMode":0,"name":"Shaded","section":"Shading Mode"},"sceneLighting":false,"audioPlay":false,"sceneViewState":{"showFog":true,"showMaterialUpdate":true,"showSkybox":false,"showFlares":true,"showImageEffects":true,"showParticleSystems":true},"in2DMode":false,"pivot":{"x":11.360325813293457,"y":0.9208035469055176,"z":-1.9972796440124512},"rotation":{"x":-0.05646289512515068,"y":-0.8288803100585938,"z":0.08510725200176239,"w":-0.5500662326812744},"size":22.347082138061525,"orthographic":false}