{"cameraMode":{"drawMode":0,"name":"Shaded","section":"Shading Mode"},"sceneLighting":false,"audioPlay":false,"sceneViewState":{"showFog":true,"showMaterialUpdate":true,"showSkybox":false,"showFlares":true,"showImageEffects":true,"showParticleSystems":true},"in2DMode":false,"pivot":{"x":3.2123770713806154,"y":0.8620879650115967,"z":-1.489155650138855},"rotation":{"x":-0.10237585008144379,"y":-0.8454143404960632,"z":0.17516988515853883,"w":-0.4940866231918335},"size":5.95790433883667,"orthographic":false}