{"cameraMode":{"drawMode":0,"name":"Shaded","section":"Shading Mode"},"sceneLighting":false,"audioPlay":false,"sceneViewState":{"showFog":true,"showMaterialUpdate":true,"showSkybox":false,"showFlares":true,"showImageEffects":true,"showParticleSystems":true},"in2DMode":false,"pivot":{"x":-9.7533597946167,"y":0.41230595111846926,"z":7.2653584480285648},"rotation":{"x":-0.15766939520835877,"y":-0.5048794746398926,"z":0.09438283741474152,"w":-0.8434078097343445},"size":2.76216459274292,"orthographic":false}