{"cameraMode":{"drawMode":0,"name":"Shaded","section":"Shading Mode"},"sceneLighting":false,"audioPlay":false,"sceneViewState":{"showFog":true,"showMaterialUpdate":true,"showSkybox":false,"showFlares":true,"showImageEffects":true,"showParticleSystems":true},"in2DMode":false,"pivot":{"x":-0.46437394618988039,"y":0.46226581931114199,"z":1.9207717180252076},"rotation":{"x":-0.07948547601699829,"y":0.6627880334854126,"z":-0.07104630023241043,"w":-0.7412106394767761},"size":4.206377983093262,"orthographic":false}