{"cameraMode":{"drawMode":0,"name":"Shaded","section":"Shading Mode"},"sceneLighting":false,"audioPlay":false,"sceneViewState":{"showFog":true,"showMaterialUpdate":true,"showSkybox":false,"showFlares":true,"showImageEffects":true,"showParticleSystems":true},"in2DMode":false,"pivot":{"x":19.596168518066408,"y":0.4083561897277832,"z":0.9567301273345947},"rotation":{"x":-0.10166707634925842,"y":-0.09476029872894287,"z":0.009750213474035263,"w":-0.9902699589729309},"size":5.988851070404053,"orthographic":false}