{"cameraMode":{"drawMode":0,"name":"Shaded","section":"Shading Mode"},"sceneLighting":true,"audioPlay":false,"sceneViewState":{"showFog":true,"showMaterialUpdate":true,"showSkybox":false,"showFlares":true,"showImageEffects":true,"showParticleSystems":true},"in2DMode":false,"pivot":{"x":-1.1584339141845704,"y":1.1482810974121094,"z":-0.4967994689941406},"rotation":{"x":0.23016223311424256,"y":0.04523257911205292,"z":-0.010710211470723153,"w":0.9720429182052612},"size":25.802536010742189,"orthographic":false}