{"cameraMode":{"drawMode":0,"name":"Shaded","section":"Shading Mode"},"sceneLighting":false,"audioPlay":false,"sceneViewState":{"showFog":true,"showMaterialUpdate":true,"showSkybox":false,"showFlares":true,"showImageEffects":true,"showParticleSystems":true},"in2DMode":false,"pivot":{"x":16.98408317565918,"y":-0.27881622314453127,"z":2.631089448928833},"rotation":{"x":-0.12811225652694703,"y":-0.38963836431503298,"z":0.054844971746206287,"w":-0.9103898406028748},"size":5.154847621917725,"orthographic":false}