{"cameraMode":{"drawMode":0,"name":"Shaded","section":"Shading Mode"},"sceneLighting":true,"audioPlay":false,"sceneViewState":{"showFog":true,"showMaterialUpdate":true,"showSkybox":false,"showFlares":true,"showImageEffects":true,"showParticleSystems":true},"in2DMode":false,"pivot":{"x":-4.672896385192871,"y":-2.2193593978881838,"z":2.081705093383789},"rotation":{"x":-0.18816134333610536,"y":-0.29057496786117556,"z":0.0583905465900898,"w":-0.9363547563552856},"size":24.260665893554689,"orthographic":false}