{"cameraMode":{"drawMode":0,"name":"Shaded","section":"Shading Mode"},"sceneLighting":false,"audioPlay":false,"sceneViewState":{"showFog":true,"showMaterialUpdate":true,"showSkybox":false,"showFlares":true,"showImageEffects":true,"showParticleSystems":true},"in2DMode":false,"pivot":{"x":2.5652904510498049,"y":-2.3835246562957765,"z":1.509826898574829},"rotation":{"x":-0.2519756853580475,"y":-0.43601441383361819,"z":0.1285988688468933,"w":-0.8543241620063782},"size":9.341495513916016,"orthographic":false}