{"cameraMode":{"drawMode":0,"name":"Shaded","section":"Shading Mode"},"sceneLighting":false,"audioPlay":false,"sceneViewState":{"showFog":true,"showMaterialUpdate":true,"showSkybox":false,"showFlares":true,"showImageEffects":true,"showParticleSystems":true},"in2DMode":false,"pivot":{"x":0.5254762172698975,"y":-0.47619497776031496,"z":-0.3318955898284912},"rotation":{"x":-0.19363272190093995,"y":-0.4085371792316437,"z":0.08913242071866989,"w":-0.8875070810317993},"size":4.041658401489258,"orthographic":false}