{"cameraMode":{"drawMode":0,"name":"Shaded","section":"Shading Mode"},"sceneLighting":true,"audioPlay":false,"sceneViewState":{"showFog":true,"showMaterialUpdate":true,"showSkybox":false,"showFlares":true,"showImageEffects":true,"showParticleSystems":true},"in2DMode":false,"pivot":{"x":-2.569819688796997,"y":-14.337675094604493,"z":24.788711547851564},"rotation":{"x":-0.2828942537307739,"y":0.006333778612315655,"z":-0.001844443497247994,"w":-0.9591526389122009},"size":55.67963409423828,"orthographic":false}