{"cameraMode":{"drawMode":0,"name":"Shaded","section":"Shading Mode"},"sceneLighting":true,"audioPlay":false,"sceneViewState":{"showFog":true,"showMaterialUpdate":true,"showSkybox":false,"showFlares":true,"showImageEffects":true,"showParticleSystems":true},"in2DMode":false,"pivot":{"x":40.65122604370117,"y":8.09451675415039,"z":2.6865615844726564},"rotation":{"x":0.2425229251384735,"y":0.35627639293670657,"z":-0.09630477428436279,"w":0.8972057104110718},"size":63.42923355102539,"orthographic":false}