{"cameraMode":{"drawMode":0,"name":"Shaded","section":"Shading Mode"},"sceneLighting":true,"audioPlay":false,"sceneViewState":{"showFog":true,"showMaterialUpdate":true,"showSkybox":false,"showFlares":true,"showImageEffects":true,"showParticleSystems":true},"in2DMode":false,"pivot":{"x":87.66807556152344,"y":48.05033493041992,"z":5.23253059387207},"rotation":{"x":-0.08384391665458679,"y":-0.4027763903141022,"z":0.037093356251716617,"w":-0.9107149243354797},"size":182.2790069580078,"orthographic":false}