{"cameraMode":{"drawMode":0,"name":"Shaded","section":"Shading Mode"},"sceneLighting":true,"audioPlay":false,"sceneViewState":{"showFog":true,"showMaterialUpdate":true,"showSkybox":false,"showFlares":true,"showImageEffects":true,"showParticleSystems":true},"in2DMode":false,"pivot":{"x":2.0188941955566408,"y":3.7550716400146486,"z":4.0234832763671879},"rotation":{"x":0.19705669581890107,"y":-0.10419062525033951,"z":0.02106628566980362,"w":0.9746137261390686},"size":61.87611389160156,"orthographic":false}