{"cameraMode":{"drawMode":0,"name":"Shaded","section":"Shading Mode"},"sceneLighting":false,"audioPlay":false,"sceneViewState":{"showFog":true,"showMaterialUpdate":true,"showSkybox":false,"showFlares":true,"showImageEffects":true,"showParticleSystems":true},"in2DMode":false,"pivot":{"x":0.6849596500396729,"y":0.5489022731781006,"z":0.06495475769042969},"rotation":{"x":-0.23949310183525086,"y":-0.4441313147544861,"z":0.12450065463781357,"w":-0.8543418645858765},"size":5.05790376663208,"orthographic":false}