{"cameraMode":{"drawMode":0,"name":"Shaded","section":"Shading Mode"},"sceneLighting":true,"audioPlay":false,"sceneViewState":{"showFog":true,"showMaterialUpdate":true,"showSkybox":false,"showFlares":true,"showImageEffects":true,"showParticleSystems":true},"in2DMode":false,"pivot":{"x":15.576139450073243,"y":-15.071256637573243,"z":21.05712127685547},"rotation":{"x":-0.2851905822753906,"y":-0.17500323057174684,"z":0.05306880176067352,"w":-0.9408882856369019},"size":60.76838684082031,"orthographic":false}