{"cameraMode":{"drawMode":0,"name":"Shaded","section":"Shading Mode"},"sceneLighting":true,"audioPlay":false,"sceneViewState":{"showFog":true,"showMaterialUpdate":true,"showSkybox":false,"showFlares":true,"showImageEffects":true,"showParticleSystems":true},"in2DMode":false,"pivot":{"x":598.7202758789063,"y":-274.7465515136719,"z":289.33441162109377},"rotation":{"x":-0.1688888818025589,"y":-0.5245255827903748,"z":0.1070423498749733,"w":-0.8275877833366394},"size":780.7293701171875,"orthographic":false}