{"cameraMode":{"drawMode":0,"name":"Shaded","section":"Shading Mode"},"sceneLighting":false,"audioPlay":false,"sceneViewState":{"showFog":true,"showMaterialUpdate":true,"showSkybox":false,"showFlares":true,"showImageEffects":true,"showParticleSystems":true},"in2DMode":false,"pivot":{"x":7.482906818389893,"y":-5.879229545593262,"z":-5.817002773284912},"rotation":{"x":-0.1193094402551651,"y":-0.8713167905807495,"z":0.2612549066543579,"w":-0.3979111611843109},"size":18.0572566986084,"orthographic":false}